url,domain,tier,notes
https://cloudwars.com/?s=workday,cloudwars.com,tier2,Cloud Wars Workday search page 1
https://cloudwars.com/page/2/?s=workday,cloudwars.com,tier2,Cloud Wars Workday search page 2
https://cloudwars.com/page/3/?s=workday,cloudwars.com,tier2,Cloud Wars Workday search page 3
https://cloudwars.com/page/4/?s=workday,cloudwars.com,tier2,Cloud Wars Workday search page 4
https://cloudwars.com/page/5/?s=workday,cloudwars.com,tier2,Cloud Wars Workday search page 5
https://cloudwars.com/page/6/?s=workday,cloudwars.com,tier2,Cloud Wars Workday search page 6
https://cloudwars.com/page/7/?s=workday,cloudwars.com,tier2,Cloud Wars Workday search page 7
https://cloudwars.com/page/8/?s=workday,cloudwars.com,tier2,Cloud Wars Workday search page 8
https://cloudwars.com/page/9/?s=workday,cloudwars.com,tier2,Cloud Wars Workday search page 9
https://cloudwars.com/page/10/?s=workday,cloudwars.com,tier2,Cloud Wars Workday search page 10
https://cloudwars.com/page/11/?s=workday,cloudwars.com,tier2,Cloud Wars Workday search page 11
https://cloudwars.com/page/12/?s=workday,cloudwars.com,tier2,Cloud Wars Workday search page 12
https://cloudwars.com/page/13/?s=workday,cloudwars.com,tier2,Cloud Wars Workday search page 13
https://cloudwars.com/page/14/?s=workday,cloudwars.com,tier2,Cloud Wars Workday search page 14
https://cloudwars.com/page/15/?s=workday,cloudwars.com,tier2,Cloud Wars Workday search page 15
https://cloudwars.com/page/16/?s=workday,cloudwars.com,tier2,Cloud Wars Workday search page 16
https://cloudwars.com/page/17/?s=workday,cloudwars.com,tier2,Cloud Wars Workday search page 17
https://cloudwars.com/page/18/?s=workday,cloudwars.com,tier2,Cloud Wars Workday search page 18
https://cloudwars.com/page/19/?s=workday,cloudwars.com,tier2,Cloud Wars Workday search page 19
https://cloudwars.com/page/20/?s=workday,cloudwars.com,tier2,Cloud Wars Workday search page 20
https://cloudwars.com/page/21/?s=workday,cloudwars.com,tier2,Cloud Wars Workday search page 21
https://cloudwars.com/page/22/?s=workday,cloudwars.com,tier2,Cloud Wars Workday search page 22
https://cloudwars.com/page/23/?s=workday,cloudwars.com,tier2,Cloud Wars Workday search page 23
https://cloudwars.com/page/24/?s=workday,cloudwars.com,tier2,Cloud Wars Workday search page 24
https://cloudwars.com/page/25/?s=workday,cloudwars.com,tier2,Cloud Wars Workday search page 25
https://cloudwars.com/page/26/?s=workday,cloudwars.com,tier2,Cloud Wars Workday search page 26
https://cloudwars.com/page/27/?s=workday,cloudwars.com,tier2,Cloud Wars Workday search page 27
https://cloudwars.com/page/28/?s=workday,cloudwars.com,tier2,Cloud Wars Workday search page 28
https://cloudwars.com/page/29/?s=workday,cloudwars.com,tier2,Cloud Wars Workday search page 29
https://cloudwars.com/page/30/?s=workday,cloudwars.com,tier2,Cloud Wars Workday search page 30
https://cloudwars.com/page/31/?s=workday,cloudwars.com,tier2,Cloud Wars Workday search page 31
https://cloudwars.com/page/32/?s=workday,cloudwars.com,tier2,Cloud Wars Workday search page 32
https://cloudwars.com/page/33/?s=workday,cloudwars.com,tier2,Cloud Wars Workday search page 33
https://cloudwars.com/page/34/?s=workday,cloudwars.com,tier2,Cloud Wars Workday search page 34
https://cloudwars.com/page/35/?s=workday,cloudwars.com,tier2,Cloud Wars Workday search page 35
https://cloudwars.com/page/36/?s=workday,cloudwars.com,tier2,Cloud Wars Workday search page 36
https://cloudwars.com/page/37/?s=workday,cloudwars.com,tier2,Cloud Wars Workday search page 37
https://cloudwars.com/page/38/?s=workday,cloudwars.com,tier2,Cloud Wars Workday search page 38
https://cloudwars.com/page/39/?s=workday,cloudwars.com,tier2,Cloud Wars Workday search page 39
https://cloudwars.com/page/40/?s=workday,cloudwars.com,tier2,Cloud Wars Workday search page 40
https://cloudwars.com/page/41/?s=workday,cloudwars.com,tier2,Cloud Wars Workday search page 41
https://cloudwars.com/page/42/?s=workday,cloudwars.com,tier2,Cloud Wars Workday search page 42
https://cloudwars.com/page/43/?s=workday,cloudwars.com,tier2,Cloud Wars Workday search page 43
https://cloudwars.com/page/44/?s=workday,cloudwars.com,tier2,Cloud Wars Workday search page 44
https://cloudwars.com/page/45/?s=workday,cloudwars.com,tier2,Cloud Wars Workday search page 45
https://cloudwars.com/page/46/?s=workday,cloudwars.com,tier2,Cloud Wars Workday search page 46
https://cloudwars.com/page/47/?s=workday,cloudwars.com,tier2,Cloud Wars Workday search page 47
https://cloudwars.com/page/48/?s=workday,cloudwars.com,tier2,Cloud Wars Workday search page 48
https://cloudwars.com/page/49/?s=workday,cloudwars.com,tier2,Cloud Wars Workday search page 49
https://cloudwars.com/page/50/?s=workday,cloudwars.com,tier2,Cloud Wars Workday search page 50
https://cloudwars.com/page/51/?s=workday,cloudwars.com,tier2,Cloud Wars Workday search page 51
https://cloudwars.com/page/52/?s=workday,cloudwars.com,tier2,Cloud Wars Workday search page 52
https://cloudwars.com/page/53/?s=workday,cloudwars.com,tier2,Cloud Wars Workday search page 53
https://cloudwars.com/page/54/?s=workday,cloudwars.com,tier2,Cloud Wars Workday search page 54
https://cloudwars.com/page/55/?s=workday,cloudwars.com,tier2,Cloud Wars Workday search page 55
https://www.cfo.com/search/?q=workday,www.cfo.com,tier2,CFO.com Workday search page 1
https://www.cfo.com/search/?page=2&q=workday,www.cfo.com,tier2,CFO.com Workday search page 2
https://www.hr-brew.com/search?q=workday,www.hr-brew.com,tier2,HR Brew Workday search
https://www.cnbc.com/technology/,www.cnbc.com,tier1,CNBC technology section
https://thenewstack.io/?s=workday,thenewstack.io,tier2,The New Stack Workday search (JS-rendered but follows pagination)
https://siliconangle.com/?s=workday,siliconangle.com,tier2,SiliconANGLE Workday search
